id,first name,last name,email,DateOfBirth,Reputation
100,Ezmeralda,Ackerley,Ezmeralda.Ackerley@burtonmail.com,0404-04-30,866
101,Bobbi,Vins,Bobbi.Vins@burtonmail.com,1212-02-03,746
102,Esmeralda,Ortrude,Esmeralda.Ortrude@burtonmail.com,1919-03-29,483
103,Viviene,Lewes,Viviene.Lewes@burtonmail.com,1313-12-15,205
104,Flory,Anis,Flory.Anis@burtonmail.com,5151-12-26,541
105,Celene,Gamaliel,Celene.Gamaliel@burtonmail.com,2727-07-10,798
106,Phylis,Franza,Phylis.Franza@burtonmail.com,0808-07-06,623
107,Mary,Susannah,Mary.Susannah@burtonmail.com,5252-02-26,722
108,Alie,Joni,Alie.Joni@burtonmail.com,2424-01-09,493
109,Dede,Halsey,Dede.Halsey@burtonmail.com,0707-03-13,943
110,Silvana,Corilla,Silvana.Corilla@burtonmail.com,3737-02-15,243
111,Tori,Nedrud,Tori.Nedrud@burtonmail.com,0303-02-06,981
112,Wileen,Iiette,Wileen.Iiette@burtonmail.com,0606-09-03,408
113,Ebonee,Carlson,Ebonee.Carlson@burtonmail.com,6161-03-13,824
114,Lorie,Hailee,Lorie.Hailee@burtonmail.com,1212-02-16,315
115,Fayre,Brieta,Fayre.Brieta@burtonmail.com,2020-09-01,344
116,Michaelina,Hilbert,Michaelina.Hilbert@burtonmail.com,3030-06-17,343
117,Carilyn,Phyllis,Carilyn.Phyllis@burtonmail.com,1212-06-03,193
118,Isa,Taima,Isa.Taima@burtonmail.com,9595-08-06,253
119,Wynne,Lenny,Wynne.Lenny@burtonmail.com,3232-11-23,777
120,Johna,Bryna,Johna.Bryna@burtonmail.com,1212-06-09,276
121,Moyna,Anestassia,Moyna.Anestassia@burtonmail.com,7878-11-05,246
122,Marsiella,Orpah,Marsiella.Orpah@burtonmail.com,2222-09-02,11
123,Rhea,Tamsky,Rhea.Tamsky@burtonmail.com,8383-07-04,661
124,Doralynne,Parsaye,Doralynne.Parsaye@burtonmail.com,0808-10-05,714
125,Sidoney,Japeth,Sidoney.Japeth@burtonmail.com,2626-09-22,165
126,Flo,Redmond,Flo.Redmond@burtonmail.com,0808-10-29,756
127,Meg,Wittie,Meg.Wittie@burtonmail.com,4646-02-25,943
128,Dianemarie,Peg,Dianemarie.Peg@burtonmail.com,8686-04-18,394
129,Jaime,Papageno,Jaime.Papageno@burtonmail.com,3131-06-17,233
130,Elyssa,Cloris,Elyssa.Cloris@burtonmail.com,6666-10-15,27
131,Corene,Tarrant,Corene.Tarrant@burtonmail.com,0101-04-07,10
132,Delilah,Redmond,Delilah.Redmond@burtonmail.com,1818-05-04,396
133,Sharlene,Stover,Sharlene.Stover@burtonmail.com,2323-09-25,819
134,Antonietta,Dimitris,Antonietta.Dimitris@burtonmail.com,3131-04-21,612
135,Binny,Brieta,Binny.Brieta@burtonmail.com,3232-05-03,843
136,Gloria,Milde,Gloria.Milde@burtonmail.com,3535-11-24,309
137,Britni,Toni,Britni.Toni@burtonmail.com,7878-07-12,241
138,Binny,Montgomery,Binny.Montgomery@burtonmail.com,6565-10-10,376
139,Selia,Jena,Selia.Jena@burtonmail.com,8888-10-10,617
140,Allis,Urias,Allis.Urias@burtonmail.com,7070-09-15,30
141,Joeann,Carbo,Joeann.Carbo@burtonmail.com,0808-04-09,980
142,Misha,Olnee,Misha.Olnee@burtonmail.com,7373-03-06,842
143,Hyacinthe,Maroney,Hyacinthe.Maroney@burtonmail.com,4545-05-04,42
144,Arlena,Ortrude,Arlena.Ortrude@burtonmail.com,2020-03-09,728
145,Robbi,Pyle,Robbi.Pyle@burtonmail.com,5656-02-28,34
146,Di,Poppy,Di.Poppy@burtonmail.com,9393-06-27,925
147,Mara,Earlie,Mara.Earlie@burtonmail.com,7979-07-06,875
148,Daryl,Palocz,Daryl.Palocz@burtonmail.com,2323-06-09,124
149,Talya,Roarke,Talya.Roarke@burtonmail.com,7878-04-30,761
150,Dyann,Sophronia,Dyann.Sophronia@burtonmail.com,0808-12-02,139
151,Gavrielle,Jagir,Gavrielle.Jagir@burtonmail.com,0404-06-26,337
152,Bernardine,Tyson,Bernardine.Tyson@burtonmail.com,8888-11-16,494
153,Hannis,Secrest,Hannis.Secrest@burtonmail.com,7676-02-23,745
154,Willetta,Markman,Willetta.Markman@burtonmail.com,5656-07-13,78
155,Aaren,Shama,Aaren.Shama@burtonmail.com,0202-06-12,688
156,Philis,Wallis,Philis.Wallis@burtonmail.com,9696-04-07,465
157,Claudina,Dorine,Claudina.Dorine@burtonmail.com,4747-12-25,741
158,Mara,Nea,Mara.Nea@burtonmail.com,1616-01-17,896
159,Ruthe,Delila,Ruthe.Delila@burtonmail.com,2323-05-11,874
160,Rozele,Mitzi,Rozele.Mitzi@burtonmail.com,0000-11-27,735
161,Dawn,Dosia,Dawn.Dosia@burtonmail.com,0808-02-01,950
162,Sara-Ann,Pillsbury,Sara-Ann.Pillsbury@burtonmail.com,2929-10-20,630
163,Coral,Bettine,Coral.Bettine@burtonmail.com,7474-04-23,141
164,Nelle,Wallis,Nelle.Wallis@burtonmail.com,8080-05-02,956
165,Collen,Geffner,Collen.Geffner@burtonmail.com,1212-03-11,664
166,Livvyy,Daegal,Livvyy.Daegal@burtonmail.com,6767-07-04,83
167,Deedee,Vharat,Deedee.Vharat@burtonmail.com,7878-10-03,314
168,Isa,Corabella,Isa.Corabella@burtonmail.com,2929-05-22,121
169,Layla,Valoniah,Layla.Valoniah@burtonmail.com,5353-09-21,700
170,Betta,Hieronymus,Betta.Hieronymus@burtonmail.com,8383-03-15,546
171,Dotty,Selway,Dotty.Selway@burtonmail.com,9292-08-05,666
172,Berget,Dorine,Berget.Dorine@burtonmail.com,5858-04-15,345
173,Arlena,Presber,Arlena.Presber@burtonmail.com,9090-06-23,792
174,Evaleen,Niles,Evaleen.Niles@burtonmail.com,0808-02-02,380
175,Stephanie,Mozelle,Stephanie.Mozelle@burtonmail.com,7272-10-30,787
176,Selma,Lattie,Selma.Lattie@burtonmail.com,0101-11-30,378
177,Feliza,Philipp,Feliza.Philipp@burtonmail.com,6767-09-10,92
178,Lusa,Hertzfeld,Lusa.Hertzfeld@burtonmail.com,6161-01-26,419
179,Misha,Oscar,Misha.Oscar@burtonmail.com,5555-11-07,892
180,Sabina,Delacourt,Sabina.Delacourt@burtonmail.com,5959-08-05,154
181,Cristabel,Angelis,Cristabel.Angelis@burtonmail.com,3535-08-27,92
182,Kate,Sallyann,Kate.Sallyann@burtonmail.com,4141-11-05,298
183,Darci,Baudin,Darci.Baudin@burtonmail.com,7070-06-07,899
184,Shauna,Vacuva,Shauna.Vacuva@burtonmail.com,8080-02-22,57
185,Jany,Nerita,Jany.Nerita@burtonmail.com,2626-05-22,565
186,Elka,Tjon,Elka.Tjon@burtonmail.com,8888-07-28,870
187,Zia,Middleton,Zia.Middleton@burtonmail.com,0202-03-10,470
188,Nariko,Sprage,Nariko.Sprage@burtonmail.com,8282-12-31,985
189,Marguerite,Robertson,Marguerite.Robertson@burtonmail.com,8686-01-30,387
190,Norine,Izaak,Norine.Izaak@burtonmail.com,0909-09-07,442
191,Perry,Desai,Perry.Desai@burtonmail.com,7373-11-19,668
192,Kathy,Anastatius,Kathy.Anastatius@burtonmail.com,0000-08-18,144
193,Edyth,Erb,Edyth.Erb@burtonmail.com,6363-03-17,501
194,Neila,Gino,Neila.Gino@burtonmail.com,0707-04-14,725
195,Carly,Lamoree,Carly.Lamoree@burtonmail.com,7474-05-23,810
196,Rhoda,Lalitta,Rhoda.Lalitta@burtonmail.com,7979-11-10,531
197,Rayna,Trinetta,Rayna.Trinetta@burtonmail.com,2727-08-26,330
198,Georgina,Lilybelle,Georgina.Lilybelle@burtonmail.com,0808-10-22,824
199,Lesly,Berriman,Lesly.Berriman@burtonmail.com,0101-04-04,90
200,Ira,Lareena,Ira.Lareena@burtonmail.com,4242-05-18,155
201,Hayley,Ailyn,Hayley.Ailyn@burtonmail.com,2424-08-01,647
202,Luci,Erb,Luci.Erb@burtonmail.com,0404-03-26,373
203,Sibella,Simmonds,Sibella.Simmonds@burtonmail.com,4141-12-10,531
204,Adelle,Pauly,Adelle.Pauly@burtonmail.com,2727-08-01,994
205,Elfreda,Glovsky,Elfreda.Glovsky@burtonmail.com,5555-01-14,671
206,Gerianna,Marisa,Gerianna.Marisa@burtonmail.com,6464-06-06,678
207,Janis,Aprile,Janis.Aprile@burtonmail.com,5454-12-11,50
208,Berta,Katrine,Berta.Katrine@burtonmail.com,9696-09-15,879
209,Cathyleen,Raffo,Cathyleen.Raffo@burtonmail.com,3232-01-14,408
210,Desirae,Olin,Desirae.Olin@burtonmail.com,8181-03-04,597
211,Olivette,Garek,Olivette.Garek@burtonmail.com,0303-08-22,230
212,Stevana,Tayib,Stevana.Tayib@burtonmail.com,3434-08-19,393
213,Maisey,Allina,Maisey.Allina@burtonmail.com,0101-03-06,177
214,Katleen,Amadas,Katleen.Amadas@burtonmail.com,2323-06-25,857
215,Carree,Sholley,Carree.Sholley@burtonmail.com,0505-06-02,976
216,Kimberley,Vorster,Kimberley.Vorster@burtonmail.com,1414-10-09,755
217,Kittie,Cornelia,Kittie.Cornelia@burtonmail.com,2222-09-08,55
218,Gabi,Drus,Gabi.Drus@burtonmail.com,0909-08-23,363
219,Sara-Ann,Jefferey,Sara-Ann.Jefferey@burtonmail.com,5454-09-10,310
220,Madelle,Hylan,Madelle.Hylan@burtonmail.com,5555-12-09,416
221,Sallie,Mathilde,Sallie.Mathilde@burtonmail.com,5151-05-25,266
222,Kenna,Pulsifer,Kenna.Pulsifer@burtonmail.com,9797-05-20,402
223,Evita,Trace,Evita.Trace@burtonmail.com,3232-12-22,834
224,Christy,Fairweather,Christy.Fairweather@burtonmail.com,1414-08-08,110
225,Jean,Lauraine,Jean.Lauraine@burtonmail.com,7272-05-31,52
226,Albertina,Nerita,Albertina.Nerita@burtonmail.com,0303-04-16,145
227,Maurene,Lindemann,Maurene.Lindemann@burtonmail.com,4242-06-15,833
228,Clo,Alfons,Clo.Alfons@burtonmail.com,9999-07-14,654
229,Dulce,Schwejda,Dulce.Schwejda@burtonmail.com,3838-04-27,170
230,Mathilda,Pozzy,Mathilda.Pozzy@burtonmail.com,3838-06-07,187
231,Estell,Rodmann,Estell.Rodmann@burtonmail.com,9999-06-14,157
232,Hannis,Seumas,Hannis.Seumas@burtonmail.com,0505-07-24,323
233,Nannie,Kussell,Nannie.Kussell@burtonmail.com,2222-04-03,134
234,Dagmar,Aldric,Dagmar.Aldric@burtonmail.com,0303-11-23,919
235,Carmencita,Meter,Carmencita.Meter@burtonmail.com,0101-04-24,980
236,Talya,Jary,Talya.Jary@burtonmail.com,9494-08-09,617
237,Brietta,Meli,Brietta.Meli@burtonmail.com,7373-09-02,974
238,Giustina,Raseda,Giustina.Raseda@burtonmail.com,8888-10-12,485
239,Celestyna,Eben,Celestyna.Eben@burtonmail.com,0707-10-15,972
240,Correy,Vins,Correy.Vins@burtonmail.com,3636-08-27,547
241,Lusa,Monk,Lusa.Monk@burtonmail.com,9494-12-30,47
242,Janey,Screens,Janey.Screens@burtonmail.com,9393-09-06,240
243,Kimmy,Raseda,Kimmy.Raseda@burtonmail.com,3030-10-12,222
244,Bertine,Blase,Bertine.Blase@burtonmail.com,7676-12-28,480
245,Nikki,LaRue,Nikki.LaRue@burtonmail.com,8787-03-06,868
246,Goldie,Henebry,Goldie.Henebry@burtonmail.com,6161-02-06,362
247,Ira,Chandler,Ira.Chandler@burtonmail.com,0505-12-27,889
248,Priscilla,Trace,Priscilla.Trace@burtonmail.com,7272-02-02,372
249,Evita,Cosenza,Evita.Cosenza@burtonmail.com,1313-01-02,749
250,Kalina,Harned,Kalina.Harned@burtonmail.com,5353-07-06,141
251,Amelia,Faria,Amelia.Faria@burtonmail.com,3232-09-05,731
252,Zia,Ochs,Zia.Ochs@burtonmail.com,4343-07-23,147
253,Rori,Raychel,Rori.Raychel@burtonmail.com,2828-09-17,280
254,Gerianna,Uund,Gerianna.Uund@burtonmail.com,7474-06-17,297
255,Constance,Rodmann,Constance.Rodmann@burtonmail.com,0202-02-23,574
256,Mignon,Prober,Mignon.Prober@burtonmail.com,6464-03-06,968
257,Ketti,Yoko,Ketti.Yoko@burtonmail.com,7979-11-08,30
258,Kate,Geffner,Kate.Geffner@burtonmail.com,0707-06-01,47
259,Jordan,Liva,Jordan.Liva@burtonmail.com,5050-05-08,275
260,Ida,Kat,Ida.Kat@burtonmail.com,1313-07-24,292
261,Rori,Chauncey,Rori.Chauncey@burtonmail.com,4747-10-15,433
262,Wanda,Elo,Wanda.Elo@burtonmail.com,0909-06-19,40
263,Mathilda,Lamoree,Mathilda.Lamoree@burtonmail.com,6161-10-09,497
264,Laurene,Reinke,Laurene.Reinke@burtonmail.com,1414-03-24,281
265,Dagmar,Fulmer,Dagmar.Fulmer@burtonmail.com,9393-07-17,97
266,Brynna,Cleo,Brynna.Cleo@burtonmail.com,4545-01-04,417
267,Kaia,Bearnard,Kaia.Bearnard@burtonmail.com,5353-05-11,422
268,Blondelle,Cimbura,Blondelle.Cimbura@burtonmail.com,1212-12-20,883
269,Christy,Kaja,Christy.Kaja@burtonmail.com,7474-09-02,248
270,Meriel,Dunkin,Meriel.Dunkin@burtonmail.com,6969-01-12,282
271,Marcy,Graig,Marcy.Graig@burtonmail.com,7777-03-02,835
272,Dulcinea,Desai,Dulcinea.Desai@burtonmail.com,0505-11-17,435
273,Ardeen,Magnolia,Ardeen.Magnolia@burtonmail.com,9999-03-21,596
274,Sean,Ardra,Sean.Ardra@burtonmail.com,2121-12-23,626
275,Benita,Maisey,Benita.Maisey@burtonmail.com,2020-11-23,457
276,Reeba,Bergman,Reeba.Bergman@burtonmail.com,8888-02-05,227
277,Carree,Jefferey,Carree.Jefferey@burtonmail.com,9090-06-01,747
278,Frieda,Oster,Frieda.Oster@burtonmail.com,2626-03-11,956
279,Louella,Kazimir,Louella.Kazimir@burtonmail.com,9999-08-17,712
280,Elka,Adrienne,Elka.Adrienne@burtonmail.com,0606-04-29,281
281,Gwenneth,Dorcy,Gwenneth.Dorcy@burtonmail.com,6666-08-12,349
282,Delilah,Dalli,Delilah.Dalli@burtonmail.com,7272-05-06,517
283,Alexine,Salvidor,Alexine.Salvidor@burtonmail.com,1717-02-13,964
284,Adelle,Ajay,Adelle.Ajay@burtonmail.com,3333-03-29,132
285,Gratia,Ramona,Gratia.Ramona@burtonmail.com,3737-06-03,170
286,Bernie,Pandolfi,Bernie.Pandolfi@burtonmail.com,3636-10-19,129
287,Christal,Jotham,Christal.Jotham@burtonmail.com,8888-10-05,928
288,Teriann,Jaylene,Teriann.Jaylene@burtonmail.com,6060-04-08,669
289,Caritta,Hoban,Caritta.Hoban@burtonmail.com,8989-10-24,382
290,Inga,Killigrew,Inga.Killigrew@burtonmail.com,0909-03-06,950
291,Laure,Ajay,Laure.Ajay@burtonmail.com,7777-02-27,166
292,Anica,Jagir,Anica.Jagir@burtonmail.com,3838-05-17,711
293,Raf,Grosz,Raf.Grosz@burtonmail.com,4949-07-23,120
294,Madelle,Pauly,Madelle.Pauly@burtonmail.com,7373-02-27,399
295,Joane,Flita,Joane.Flita@burtonmail.com,0505-09-25,789
296,Jenilee,Zitvaa,Jenilee.Zitvaa@burtonmail.com,4646-01-23,241
297,Ashlee,Poll,Ashlee.Poll@burtonmail.com,5757-11-20,489
298,Dawn,Percy,Dawn.Percy@burtonmail.com,5959-03-15,860
299,Tarra,Salchunas,Tarra.Salchunas@burtonmail.com,5252-11-03,349
300,Kylynn,Astra,Kylynn.Astra@burtonmail.com,2121-08-26,325
301,Kore,Douglass,Kore.Douglass@burtonmail.com,7676-10-13,78
302,Wynne,Meter,Wynne.Meter@burtonmail.com,6767-06-19,23
303,Marcy,Genna,Marcy.Genna@burtonmail.com,1414-05-22,772
304,Dotty,Alarise,Dotty.Alarise@burtonmail.com,6262-06-18,637
305,Merci,Gillan,Merci.Gillan@burtonmail.com,9393-09-07,482
306,Justinn,Behre,Justinn.Behre@burtonmail.com,7676-02-26,631
307,Lanna,Cosenza,Lanna.Cosenza@burtonmail.com,4343-05-01,955
308,Regina,Baptlsta,Regina.Baptlsta@burtonmail.com,5454-10-15,853
309,Roslyn,Milson,Roslyn.Milson@burtonmail.com,9595-11-17,742
310,Kary,Abernon,Kary.Abernon@burtonmail.com,3030-10-22,454
311,Nelle,Hortensia,Nelle.Hortensia@burtonmail.com,4444-10-28,696
312,Ericka,Wallis,Ericka.Wallis@burtonmail.com,7575-10-23,279
313,Clo,Cecile,Clo.Cecile@burtonmail.com,2222-11-10,518
314,Merry,Kermit,Merry.Kermit@burtonmail.com,0808-04-09,26
315,Netty,Adamsen,Netty.Adamsen@burtonmail.com,3333-06-06,493
316,Fred,Dawkins,Fred.Dawkins@burtonmail.com,3333-12-01,26
317,Courtnay,Bari,Courtnay.Bari@burtonmail.com,6262-07-24,901
318,Donetta,Bach,Donetta.Bach@burtonmail.com,3131-07-04,78
319,Shel,Ochs,Shel.Ochs@burtonmail.com,9797-06-15,544
320,Mara,Egbert,Mara.Egbert@burtonmail.com,4444-09-28,595
321,Madeleine,Evangelia,Madeleine.Evangelia@burtonmail.com,9898-11-10,978
322,Ida,Harned,Ida.Harned@burtonmail.com,8080-04-20,821
323,Jemie,Aldric,Jemie.Aldric@burtonmail.com,6363-04-05,449
324,Fina,Aloise,Fina.Aloise@burtonmail.com,2020-10-23,675
325,Eadie,Ball,Eadie.Ball@burtonmail.com,2323-01-15,292
326,Jacenta,Posner,Jacenta.Posner@burtonmail.com,4747-06-19,224
327,Kaja,Georas,Kaja.Georas@burtonmail.com,8585-03-08,307
328,Albertina,Nelsen,Albertina.Nelsen@burtonmail.com,7474-09-03,855
329,Aryn,Bendick,Aryn.Bendick@burtonmail.com,0404-03-15,510
330,Ida,Telfer,Ida.Telfer@burtonmail.com,5858-08-06,702
331,Margalo,Cadmar,Margalo.Cadmar@burtonmail.com,8585-10-07,298
332,Marsiella,Liebermann,Marsiella.Liebermann@burtonmail.com,9696-07-07,279
333,Courtnay,Hepsibah,Courtnay.Hepsibah@burtonmail.com,8181-09-09,661
334,Kathy,Aprile,Kathy.Aprile@burtonmail.com,5858-03-14,520
335,Layla,Arne,Layla.Arne@burtonmail.com,4949-05-07,994
336,Celene,Holtz,Celene.Holtz@burtonmail.com,9292-01-17,20
337,Eadie,Sammons,Eadie.Sammons@burtonmail.com,0101-07-24,706
338,Debee,Lymann,Debee.Lymann@burtonmail.com,4040-07-01,399
339,Charmaine,Fredi,Charmaine.Fredi@burtonmail.com,2929-08-26,182
340,Maye,Jillane,Maye.Jillane@burtonmail.com,3636-04-29,497
341,Shaine,Dermott,Shaine.Dermott@burtonmail.com,0505-03-12,783
342,Robinia,Vilma,Robinia.Vilma@burtonmail.com,0101-01-09,11
343,Christal,Sinegold,Christal.Sinegold@burtonmail.com,5151-04-23,50
344,Luci,Lunsford,Luci.Lunsford@burtonmail.com,9090-08-03,758
345,Dulce,Loleta,Dulce.Loleta@burtonmail.com,5555-08-04,419
346,Blinni,Marsden,Blinni.Marsden@burtonmail.com,0909-02-17,559
347,Carilyn,Heidt,Carilyn.Heidt@burtonmail.com,3838-01-10,343
348,Gratia,Lail,Gratia.Lail@burtonmail.com,4848-12-09,143
349,Adelle,Edvard,Adelle.Edvard@burtonmail.com,2727-08-05,692
350,Trixi,Romelda,Trixi.Romelda@burtonmail.com,0303-05-07,587
351,Rhoda,Karylin,Rhoda.Karylin@burtonmail.com,7878-07-26,278
352,Ileana,Georas,Ileana.Georas@burtonmail.com,4040-09-27,916
353,Valera,Mandler,Valera.Mandler@burtonmail.com,3131-01-16,889
354,Larine,Virgin,Larine.Virgin@burtonmail.com,8585-05-03,43
355,Aryn,Belanger,Aryn.Belanger@burtonmail.com,6767-03-21,675
356,Debee,Chabot,Debee.Chabot@burtonmail.com,9898-09-09,811
357,Dorthy,Weitman,Dorthy.Weitman@burtonmail.com,6161-10-29,247
358,Nanete,Rubie,Nanete.Rubie@burtonmail.com,3333-02-14,533
359,Berta,Ephrem,Berta.Ephrem@burtonmail.com,3535-12-22,160
360,Kamilah,Himelman,Kamilah.Himelman@burtonmail.com,3737-08-03,900
361,Lynea,Bonucci,Lynea.Bonucci@burtonmail.com,9191-07-21,382
362,Cathyleen,Oster,Cathyleen.Oster@burtonmail.com,6161-03-29,1
363,Dawn,Delp,Dawn.Delp@burtonmail.com,8989-07-31,198
364,Morganica,Wind,Morganica.Wind@burtonmail.com,2727-07-08,837
365,Babita,Voletta,Babita.Voletta@burtonmail.com,8888-02-25,69
366,Blinni,Orpah,Blinni.Orpah@burtonmail.com,4343-08-22,984
367,Arabel,Gilmour,Arabel.Gilmour@burtonmail.com,8181-08-08,792
368,Madalyn,Kenney,Madalyn.Kenney@burtonmail.com,4343-07-11,70
369,Luci,Arathorn,Luci.Arathorn@burtonmail.com,2020-05-07,439
370,Deane,Prouty,Deane.Prouty@burtonmail.com,2323-05-11,496
371,Mureil,Standing,Mureil.Standing@burtonmail.com,6060-12-15,152
372,Aimil,Bevin,Aimil.Bevin@burtonmail.com,5555-01-07,791
373,Kimberley,Nickola,Kimberley.Nickola@burtonmail.com,1111-07-21,502
374,Cathie,Selway,Cathie.Selway@burtonmail.com,2222-01-02,976
375,Philis,Berriman,Philis.Berriman@burtonmail.com,3939-09-23,42
376,Edith,Gemini,Edith.Gemini@burtonmail.com,8181-06-10,853
377,Minne,Poll,Minne.Poll@burtonmail.com,8989-03-03,703
378,Gabriellia,Stilwell,Gabriellia.Stilwell@burtonmail.com,0303-04-17,983
379,Valli,Levey,Valli.Levey@burtonmail.com,5454-11-15,93
380,Elmira,Wiener,Elmira.Wiener@burtonmail.com,7373-06-09,233
381,Jolyn,Randene,Jolyn.Randene@burtonmail.com,3838-03-25,250
382,Deloria,Herrera,Deloria.Herrera@burtonmail.com,5656-09-23,344
383,Sabina,Lissi,Sabina.Lissi@burtonmail.com,3737-10-03,568
384,Di,Waldron,Di.Waldron@burtonmail.com,2323-08-26,491
385,Cassondra,Ursulette,Cassondra.Ursulette@burtonmail.com,0404-12-27,618
386,Maud,Medrek,Maud.Medrek@burtonmail.com,3131-08-15,16
387,Sissy,Tyson,Sissy.Tyson@burtonmail.com,3939-01-21,622
388,Andree,Christine,Andree.Christine@burtonmail.com,4141-10-24,31
389,Konstance,Paton,Konstance.Paton@burtonmail.com,0101-01-25,79
390,Lanna,Byrne,Lanna.Byrne@burtonmail.com,2828-02-08,347
391,Amalie,Maisey,Amalie.Maisey@burtonmail.com,5959-06-05,666
392,Zondra,Cimbura,Zondra.Cimbura@burtonmail.com,3838-07-27,571
393,Cristine,Chick,Cristine.Chick@burtonmail.com,0404-12-05,527
394,Fernande,Narton,Fernande.Narton@burtonmail.com,0000-05-25,282
395,Alejandra,Waite,Alejandra.Waite@burtonmail.com,8383-02-08,16
396,Steffane,Cassius,Steffane.Cassius@burtonmail.com,5959-03-30,867
397,Mathilda,Vivle,Mathilda.Vivle@burtonmail.com,0707-10-21,835
398,Johna,Jary,Johna.Jary@burtonmail.com,2424-06-07,172
399,Ginnie,Hartnett,Ginnie.Hartnett@burtonmail.com,8282-07-04,595
400,Feliza,Waite,Feliza.Waite@burtonmail.com,0101-08-16,646
401,Annabela,Stav,Annabela.Stav@burtonmail.com,6868-05-27,821
402,Clementine,Roumell,Clementine.Roumell@burtonmail.com,2424-11-26,936
403,Valeda,Lesley,Valeda.Lesley@burtonmail.com,0202-01-29,754
404,Darlleen,Lemuela,Darlleen.Lemuela@burtonmail.com,6565-01-07,917
405,Lorenza,Pearse,Lorenza.Pearse@burtonmail.com,7777-05-06,985
406,Lucy,Aloise,Lucy.Aloise@burtonmail.com,0101-12-27,262
407,Fanny,Stoller,Fanny.Stoller@burtonmail.com,1313-08-29,542
408,Evita,Nikaniki,Evita.Nikaniki@burtonmail.com,4848-09-19,943
409,Amii,Cullin,Amii.Cullin@burtonmail.com,9191-01-24,251
410,Josephine,Grobe,Josephine.Grobe@burtonmail.com,8686-11-23,444
411,Dolli,Poppy,Dolli.Poppy@burtonmail.com,7474-11-05,611
412,Ninnetta,Cohdwell,Ninnetta.Cohdwell@burtonmail.com,5858-08-25,837
413,Sashenka,Croix,Sashenka.Croix@burtonmail.com,9696-03-28,730
414,Helsa,Halla,Helsa.Halla@burtonmail.com,8484-11-28,455
415,Cathyleen,Wiener,Cathyleen.Wiener@burtonmail.com,5555-02-19,797
416,Gerrie,Tatianas,Gerrie.Tatianas@burtonmail.com,7777-02-24,584
417,Ronna,Uund,Ronna.Uund@burtonmail.com,0606-05-27,560
418,Lonnie,Sadowski,Lonnie.Sadowski@burtonmail.com,3030-12-22,169
419,Mady,Pettiford,Mady.Pettiford@burtonmail.com,7474-09-28,775
420,Hermione,Buckler,Hermione.Buckler@burtonmail.com,0909-02-21,164
421,Maud,Girardo,Maud.Girardo@burtonmail.com,0101-01-08,770
422,Karly,Tufts,Karly.Tufts@burtonmail.com,2929-07-09,255
423,Vevay,Sherrie,Vevay.Sherrie@burtonmail.com,4343-07-08,166
424,Doralynne,Emerson,Doralynne.Emerson@burtonmail.com,9292-07-30,357
425,Janenna,Amand,Janenna.Amand@burtonmail.com,9191-07-07,677
426,Ilse,Clara,Ilse.Clara@burtonmail.com,6565-04-28,918
427,Lesly,Jary,Lesly.Jary@burtonmail.com,8383-07-22,397
428,Gaylene,Stacy,Gaylene.Stacy@burtonmail.com,3131-09-08,260
429,Mary,Jillane,Mary.Jillane@burtonmail.com,6161-12-26,917
430,Lindie,Cleo,Lindie.Cleo@burtonmail.com,0303-01-10,17
431,Siana,Alejoa,Siana.Alejoa@burtonmail.com,4343-05-07,516
432,Tori,Redmond,Tori.Redmond@burtonmail.com,4040-02-26,155
433,Thalia,Martguerita,Thalia.Martguerita@burtonmail.com,8181-04-08,338
434,Priscilla,Azeria,Priscilla.Azeria@burtonmail.com,0000-10-02,924
435,Lorenza,Hieronymus,Lorenza.Hieronymus@burtonmail.com,0404-04-25,657
436,Maridel,Elisha,Maridel.Elisha@burtonmail.com,1414-08-04,257
437,Marika,Bandeen,Marika.Bandeen@burtonmail.com,8484-07-02,240
438,Cyndie,Rogerio,Cyndie.Rogerio@burtonmail.com,4848-03-17,466
439,Agnese,Cassius,Agnese.Cassius@burtonmail.com,7171-03-02,931
440,Etta,Chrystel,Etta.Chrystel@burtonmail.com,7272-03-29,725
441,Tarra,Hull,Tarra.Hull@burtonmail.com,9696-02-06,218
442,Aaren,Chrystel,Aaren.Chrystel@burtonmail.com,7171-09-07,474
443,Joelly,Ephrem,Joelly.Ephrem@burtonmail.com,7575-05-05,322
444,Vanessa,Edmund,Vanessa.Edmund@burtonmail.com,3636-07-17,884
445,Ilse,Shaddock,Ilse.Shaddock@burtonmail.com,6666-07-26,650
446,Vivia,Anton,Vivia.Anton@burtonmail.com,0202-09-27,257
447,Norine,Cohdwell,Norine.Cohdwell@burtonmail.com,9898-12-09,947
448,Norine,Bury,Norine.Bury@burtonmail.com,6666-03-23,831
449,Nikki,Santoro,Nikki.Santoro@burtonmail.com,2424-11-12,623
450,Celene,Trey,Celene.Trey@burtonmail.com,4747-01-10,350
451,Heddie,Han,Heddie.Han@burtonmail.com,8484-03-04,483
452,Shaine,Xerxes,Shaine.Xerxes@burtonmail.com,5656-10-17,53
453,Lynea,Sallyann,Lynea.Sallyann@burtonmail.com,4040-09-10,34
454,Brianna,Fink,Brianna.Fink@burtonmail.com,9595-07-21,185
455,Fayre,Shanley,Fayre.Shanley@burtonmail.com,0808-08-25,830
456,Felice,Skell,Felice.Skell@burtonmail.com,0909-12-03,378
457,Taffy,Markman,Taffy.Markman@burtonmail.com,9898-01-09,476
458,Chere,Neils,Chere.Neils@burtonmail.com,6464-08-28,681
459,Aigneis,Esmaria,Aigneis.Esmaria@burtonmail.com,4040-04-09,893
460,Corry,Parette,Corry.Parette@burtonmail.com,6969-04-19,500
461,Aurelie,Freddi,Aurelie.Freddi@burtonmail.com,6464-06-17,938
462,Mureil,Fiester,Mureil.Fiester@burtonmail.com,1010-11-26,544
463,Fanny,Gino,Fanny.Gino@burtonmail.com,5151-04-30,219
464,Brynna,Sallyann,Brynna.Sallyann@burtonmail.com,9090-06-05,739
465,Ida,Clie,Ida.Clie@burtonmail.com,0101-12-30,934
466,Madeleine,Suanne,Madeleine.Suanne@burtonmail.com,6464-04-13,967
467,Laurene,Stoller,Laurene.Stoller@burtonmail.com,7070-06-04,755
468,Ardeen,Herrera,Ardeen.Herrera@burtonmail.com,0101-04-19,144
469,Kary,O'Neill,Kary.O'Neill@burtonmail.com,7676-09-13,236
470,Ashlee,Meli,Ashlee.Meli@burtonmail.com,0707-01-30,226
471,Mariann,Breed,Mariann.Breed@burtonmail.com,9898-09-06,161
472,Shaylyn,Firmin,Shaylyn.Firmin@burtonmail.com,0606-02-03,35
473,Chrystel,Letsou,Chrystel.Letsou@burtonmail.com,6161-11-25,665
474,Tani,Stacy,Tani.Stacy@burtonmail.com,6666-02-04,619
475,Wynne,Hilbert,Wynne.Hilbert@burtonmail.com,7878-01-08,519
476,Barbi,Jess,Barbi.Jess@burtonmail.com,4444-08-23,135
477,Roseline,Longfellow,Roseline.Longfellow@burtonmail.com,9797-11-23,473
478,Zsa Zsa,Karylin,Zsa Zsa.Karylin@burtonmail.com,0000-04-02,718
479,Wilma,Sallyann,Wilma.Sallyann@burtonmail.com,9292-06-10,903
480,Violet,Jena,Violet.Jena@burtonmail.com,5151-05-28,419
481,Joane,Marcellus,Joane.Marcellus@burtonmail.com,5656-05-07,641
482,Michaelina,Georas,Michaelina.Georas@burtonmail.com,0707-06-09,453
483,Cherilyn,Dulciana,Cherilyn.Dulciana@burtonmail.com,1212-12-14,714
484,Lita,Garlinda,Lita.Garlinda@burtonmail.com,9999-07-13,777
485,Dode,Swigart,Dode.Swigart@burtonmail.com,0404-05-17,222
486,Sophia,Mallon,Sophia.Mallon@burtonmail.com,1818-11-21,477
487,Tonia,Toni,Tonia.Toni@burtonmail.com,2727-06-21,333
488,Maridel,Lewes,Maridel.Lewes@burtonmail.com,0808-08-22,577
489,Shaylyn,Yusuk,Shaylyn.Yusuk@burtonmail.com,4343-05-20,224
490,Consuela,Pip,Consuela.Pip@burtonmail.com,9393-07-06,894
491,Joy,Flita,Joy.Flita@burtonmail.com,6060-03-01,126
492,Donnie,Atonsah,Donnie.Atonsah@burtonmail.com,3030-09-18,448
493,Leanna,Hartnett,Leanna.Hartnett@burtonmail.com,5757-11-09,564
494,Tersina,Iiette,Tersina.Iiette@burtonmail.com,0202-09-02,793
495,Jenilee,Linehan,Jenilee.Linehan@burtonmail.com,7272-03-12,228
496,Aeriela,Schroth,Aeriela.Schroth@burtonmail.com,9393-09-14,668
497,Tabbatha,Brunell,Tabbatha.Brunell@burtonmail.com,0505-04-29,868
498,Madalyn,Wooster,Madalyn.Wooster@burtonmail.com,0202-07-14,62
499,Ofilia,Goode,Ofilia.Goode@burtonmail.com,4848-07-01,147
500,Gabi,Catie,Gabi.Catie@burtonmail.com,8686-03-18,850
501,Cissiee,Rudolph,Cissiee.Rudolph@burtonmail.com,0606-06-26,453
502,Joeann,Masao,Joeann.Masao@burtonmail.com,2626-10-17,502
503,Hyacinthe,Hailee,Hyacinthe.Hailee@burtonmail.com,7373-09-10,90
504,Selma,Heidt,Selma.Heidt@burtonmail.com,3030-11-18,915
505,Tybie,Bari,Tybie.Bari@burtonmail.com,1515-12-18,865
506,Cherilyn,Bury,Cherilyn.Bury@burtonmail.com,8686-08-12,576
507,Adele,Manolo,Adele.Manolo@burtonmail.com,0202-03-20,539
508,Ingrid,Rad,Ingrid.Rad@burtonmail.com,3232-02-04,783
509,Johna,Sancho,Johna.Sancho@burtonmail.com,8080-02-13,535
510,Georgetta,Morrill,Georgetta.Morrill@burtonmail.com,1010-05-18,836
511,Kirstin,Evangelia,Kirstin.Evangelia@burtonmail.com,2323-11-22,759
512,Kaia,Brodench,Kaia.Brodench@burtonmail.com,0505-02-07,763
513,Corly,Han,Corly.Han@burtonmail.com,9393-12-23,49
514,Inga,Gert,Inga.Gert@burtonmail.com,2323-03-25,439
515,Ernesta,Wolfgram,Ernesta.Wolfgram@burtonmail.com,8686-10-30,46
516,Kate,Barbey,Kate.Barbey@burtonmail.com,3737-10-14,845
517,Bernie,Trace,Bernie.Trace@burtonmail.com,0000-04-18,977
518,Bobbi,Peonir,Bobbi.Peonir@burtonmail.com,0505-02-08,885
519,Kalina,Martsen,Kalina.Martsen@burtonmail.com,5757-03-04,983
520,Blondelle,Kenney,Blondelle.Kenney@burtonmail.com,9191-04-29,506
521,Marcy,Abernon,Marcy.Abernon@burtonmail.com,7272-04-22,562
522,Priscilla,Serilda,Priscilla.Serilda@burtonmail.com,9494-02-17,458
523,Max,Hourigan,Max.Hourigan@burtonmail.com,0606-08-10,673
524,Corry,Ehrman,Corry.Ehrman@burtonmail.com,4747-11-28,357
525,Kirstin,Velick,Kirstin.Velick@burtonmail.com,1717-04-02,241
526,Paulita,Dorine,Paulita.Dorine@burtonmail.com,8585-07-01,605
527,Felice,Glovsky,Felice.Glovsky@burtonmail.com,6464-09-19,472
528,Jeanna,Vittoria,Jeanna.Vittoria@burtonmail.com,8585-06-12,21
529,Lelah,Carbo,Lelah.Carbo@burtonmail.com,8080-12-24,85
530,Suzette,Rurik,Suzette.Rurik@burtonmail.com,3838-04-21,370
531,Roslyn,Clie,Roslyn.Clie@burtonmail.com,0404-01-21,444
532,Darlleen,Bibi,Darlleen.Bibi@burtonmail.com,7171-06-25,832
533,Brana,Vale,Brana.Vale@burtonmail.com,6666-10-20,821
534,Harrietta,Maroney,Harrietta.Maroney@burtonmail.com,0707-06-06,251
535,Dennie,Zina,Dennie.Zina@burtonmail.com,0707-03-04,466
536,Rosene,Elephus,Rosene.Elephus@burtonmail.com,7373-08-14,619
537,Elie,Ball,Elie.Ball@burtonmail.com,0606-10-11,75
538,Marinna,Viddah,Marinna.Viddah@burtonmail.com,3333-06-15,68
539,Carmencita,Koehler,Carmencita.Koehler@burtonmail.com,8484-05-18,721
540,Kimmy,Ovid,Kimmy.Ovid@burtonmail.com,3939-01-29,121
541,Kore,Lumbard,Kore.Lumbard@burtonmail.com,6464-04-27,186
542,Jinny,Tound,Jinny.Tound@burtonmail.com,2121-08-31,335
543,Yvonne,Sinegold,Yvonne.Sinegold@burtonmail.com,1616-07-31,376
544,Nannie,Flita,Nannie.Flita@burtonmail.com,9292-10-10,482
545,Tatiania,Callista,Tatiania.Callista@burtonmail.com,0808-08-31,110
546,Imojean,Lia,Imojean.Lia@burtonmail.com,6363-11-15,998
547,Roz,Decato,Roz.Decato@burtonmail.com,8888-03-04,644
548,Jackie,Gillan,Jackie.Gillan@burtonmail.com,9595-04-04,76
549,Hollie,Afton,Hollie.Afton@burtonmail.com,8585-11-16,134
550,Estell,Emmaline,Estell.Emmaline@burtonmail.com,3131-02-05,110
551,Elsie,Fulmer,Elsie.Fulmer@burtonmail.com,8282-05-22,15
552,Sashenka,Seessel,Sashenka.Seessel@burtonmail.com,3434-05-09,226
553,Paola,Garrison,Paola.Garrison@burtonmail.com,4242-03-02,688
554,Deirdre,Urania,Deirdre.Urania@burtonmail.com,9191-04-07,543
555,Queenie,Malina,Queenie.Malina@burtonmail.com,0606-05-30,437
556,Kimberley,Germann,Kimberley.Germann@burtonmail.com,4747-08-14,827
557,Babita,Bibi,Babita.Bibi@burtonmail.com,4040-11-29,199
558,Jaclyn,Alrich,Jaclyn.Alrich@burtonmail.com,7878-08-25,782
559,Beth,Glenden,Beth.Glenden@burtonmail.com,1818-04-10,615
560,Lisette,Zetta,Lisette.Zetta@burtonmail.com,7272-11-21,28
561,Zondra,Hieronymus,Zondra.Hieronymus@burtonmail.com,5555-12-24,803
562,Mahalia,Gahl,Mahalia.Gahl@burtonmail.com,6363-12-19,228
563,Henriette,Helve,Henriette.Helve@burtonmail.com,3131-07-04,122
564,Mady,Diogenes,Mady.Diogenes@burtonmail.com,0505-05-16,750
565,Frances,Earlie,Frances.Earlie@burtonmail.com,3737-10-07,797
566,Debee,Weide,Debee.Weide@burtonmail.com,1010-03-30,896
567,Adore,Lacombe,Adore.Lacombe@burtonmail.com,0808-07-18,237
568,Leontine,Lory,Leontine.Lory@burtonmail.com,8585-12-06,905
569,Edyth,Dermott,Edyth.Dermott@burtonmail.com,2626-03-26,741
570,Farrah,Aaberg,Farrah.Aaberg@burtonmail.com,0909-08-08,786
571,Riannon,Pelagias,Riannon.Pelagias@burtonmail.com,7171-01-16,814
572,Lenna,Lutero,Lenna.Lutero@burtonmail.com,2424-07-19,227
573,Florie,Jeanne,Florie.Jeanne@burtonmail.com,0707-12-26,909
574,Joane,Elephus,Joane.Elephus@burtonmail.com,6565-11-27,407
575,Nerta,Bergman,Nerta.Bergman@burtonmail.com,9494-07-14,249
576,Shell,Standing,Shell.Standing@burtonmail.com,8989-01-12,888
577,Fanny,Auberbach,Fanny.Auberbach@burtonmail.com,7979-11-12,13
578,Morganica,Weaks,Morganica.Weaks@burtonmail.com,0606-06-09,448
579,Yolane,Tound,Yolane.Tound@burtonmail.com,7676-07-21,764
580,Myriam,Zitvaa,Myriam.Zitvaa@burtonmail.com,6565-07-29,817
581,Trixi,Florina,Trixi.Florina@burtonmail.com,3535-05-08,723
582,Corene,Rocray,Corene.Rocray@burtonmail.com,5252-07-04,352
583,Bee,Sherfield,Bee.Sherfield@burtonmail.com,1313-01-19,314
584,Laure,Ammann,Laure.Ammann@burtonmail.com,3636-06-04,398
585,Maridel,Blake,Maridel.Blake@burtonmail.com,0404-04-21,309
586,Kassey,Bow,Kassey.Bow@burtonmail.com,5353-09-20,640
587,Fanny,Franza,Fanny.Franza@burtonmail.com,8484-07-16,116
588,Wanda,Terrence,Wanda.Terrence@burtonmail.com,1717-09-02,88
589,Eolanda,Lamoree,Eolanda.Lamoree@burtonmail.com,4040-03-25,209
590,Katharina,Chinua,Katharina.Chinua@burtonmail.com,2424-07-06,937
591,Celisse,Sikorski,Celisse.Sikorski@burtonmail.com,2222-09-09,763
592,Kial,Garek,Kial.Garek@burtonmail.com,4343-09-08,612
593,Robbi,Sperling,Robbi.Sperling@burtonmail.com,2929-11-27,959
594,Fanny,Ingra,Fanny.Ingra@burtonmail.com,6969-07-15,125
595,Iseabal,Crudden,Iseabal.Crudden@burtonmail.com,8080-07-14,576
596,Alex,Autrey,Alex.Autrey@burtonmail.com,3939-08-12,405
597,Gerianna,Anderea,Gerianna.Anderea@burtonmail.com,4747-09-08,824
598,Margarette,Boycey,Margarette.Boycey@burtonmail.com,5656-05-05,538
599,Aigneis,Goldina,Aigneis.Goldina@burtonmail.com,0404-10-30,831
600,Lily,Anis,Lily.Anis@burtonmail.com,9191-07-10,559
601,Vevay,Cornelia,Vevay.Cornelia@burtonmail.com,7575-07-20,451
602,Sonni,Thema,Sonni.Thema@burtonmail.com,9595-02-26,537
603,Leia,Brian,Leia.Brian@burtonmail.com,1414-07-30,717
604,Marita,Kauppi,Marita.Kauppi@burtonmail.com,2626-02-18,264
605,Desirae,Bendick,Desirae.Bendick@burtonmail.com,0202-11-21,988
606,Kathy,Cecile,Kathy.Cecile@burtonmail.com,5858-12-31,620
607,Emelina,Cherianne,Emelina.Cherianne@burtonmail.com,2222-02-07,118
608,Paule,Artie,Paule.Artie@burtonmail.com,8181-11-06,41
609,Elmira,Lorenz,Elmira.Lorenz@burtonmail.com,1818-01-07,837
610,Raina,Kare,Raina.Kare@burtonmail.com,7676-01-19,738
611,Shannah,Dalli,Shannah.Dalli@burtonmail.com,2323-11-01,27
612,Fayre,Terencio,Fayre.Terencio@burtonmail.com,8181-12-08,182
613,Jean,Alrich,Jean.Alrich@burtonmail.com,1919-03-02,649
614,Tani,Luhe,Tani.Luhe@burtonmail.com,4141-10-31,120
615,Elise,Kevon,Elise.Kevon@burtonmail.com,8383-01-27,10
616,Micheline,Anderea,Micheline.Anderea@burtonmail.com,0909-10-29,453
617,Jany,Sikorski,Jany.Sikorski@burtonmail.com,7878-04-05,79
618,Mureil,Phi,Mureil.Phi@burtonmail.com,0707-05-28,762
619,Emmey,Gilbertson,Emmey.Gilbertson@burtonmail.com,2828-09-02,48
620,Jenda,Dulciana,Jenda.Dulciana@burtonmail.com,9797-12-26,924
621,Iseabal,Emmy,Iseabal.Emmy@burtonmail.com,7171-07-08,338
622,Jasmina,Kannry,Jasmina.Kannry@burtonmail.com,2727-10-01,384
623,Mady,Joli,Mady.Joli@burtonmail.com,2222-04-10,206
624,Catharine,Tamar,Catharine.Tamar@burtonmail.com,0606-01-16,932
625,Aili,Zetta,Aili.Zetta@burtonmail.com,4040-12-27,991
626,Zia,Camden,Zia.Camden@burtonmail.com,0101-07-22,742
627,Hannis,Laurianne,Hannis.Laurianne@burtonmail.com,0909-12-20,106
628,Doro,Parsaye,Doro.Parsaye@burtonmail.com,4444-10-21,391
629,Clarice,Aloise,Clarice.Aloise@burtonmail.com,0101-03-07,580
630,Corina,Erminia,Corina.Erminia@burtonmail.com,8888-10-07,327
631,Harmonia,Suanne,Harmonia.Suanne@burtonmail.com,9696-06-15,418
632,Kalina,Toni,Kalina.Toni@burtonmail.com,8686-10-22,504
633,Kerrin,Joni,Kerrin.Joni@burtonmail.com,3838-04-14,718
634,Lenna,Sharl,Lenna.Sharl@burtonmail.com,4545-11-14,403
635,Tatiania,Mullane,Tatiania.Mullane@burtonmail.com,4040-02-09,154
636,Ericka,Casimir,Ericka.Casimir@burtonmail.com,6666-04-19,900
637,Tina,Cutlerr,Tina.Cutlerr@burtonmail.com,2626-04-30,60
638,Maurene,Khorma,Maurene.Khorma@burtonmail.com,1616-10-24,824
639,Lucy,Flyn,Lucy.Flyn@burtonmail.com,2222-03-21,847
640,Valeda,Darian,Valeda.Darian@burtonmail.com,9393-11-29,848
641,Valera,Eno,Valera.Eno@burtonmail.com,5858-09-23,886
642,Nataline,Gusella,Nataline.Gusella@burtonmail.com,1010-05-02,858
643,Zsa Zsa,Halla,Zsa Zsa.Halla@burtonmail.com,0505-06-12,837
644,Gretal,Rooney,Gretal.Rooney@burtonmail.com,7070-07-03,563
645,Leanna,Wadell,Leanna.Wadell@burtonmail.com,9090-02-18,656
646,Collen,Skurnik,Collen.Skurnik@burtonmail.com,9595-10-04,872
647,Ardys,Hachmin,Ardys.Hachmin@burtonmail.com,8888-12-31,21
648,Emmey,Moseley,Emmey.Moseley@burtonmail.com,0101-11-15,504
649,Teriann,Dannye,Teriann.Dannye@burtonmail.com,1818-05-05,628
650,Kristina,Florina,Kristina.Florina@burtonmail.com,6767-01-07,359
651,Lory,Ackerley,Lory.Ackerley@burtonmail.com,1414-12-23,149
652,Raf,Saree,Raf.Saree@burtonmail.com,8989-07-15,265
653,Patricia,Yusuk,Patricia.Yusuk@burtonmail.com,4444-10-18,142
654,Tonia,Bashemeth,Tonia.Bashemeth@burtonmail.com,9797-10-02,514
655,Kathi,Rad,Kathi.Rad@burtonmail.com,7272-01-05,37
656,Sissy,Philoo,Sissy.Philoo@burtonmail.com,6363-01-28,303
657,Minda,Pozzy,Minda.Pozzy@burtonmail.com,1818-06-04,165
658,Jan,Donell,Jan.Donell@burtonmail.com,1414-02-09,75
659,Philis,Ledah,Philis.Ledah@burtonmail.com,5252-05-18,99
660,Shauna,Lytton,Shauna.Lytton@burtonmail.com,7777-11-11,879
661,Sherrie,Marisa,Sherrie.Marisa@burtonmail.com,5656-08-31,546
662,Shauna,Kirbee,Shauna.Kirbee@burtonmail.com,0202-06-11,489
663,Jemie,Roarke,Jemie.Roarke@burtonmail.com,5454-11-03,574
664,Max,Bergman,Max.Bergman@burtonmail.com,7777-09-03,527
665,Tybie,Ruvolo,Tybie.Ruvolo@burtonmail.com,0808-02-22,352
666,Melisent,Ahab,Melisent.Ahab@burtonmail.com,4343-12-20,928
667,Rosanne,Podvin,Rosanne.Podvin@burtonmail.com,6666-07-03,989
668,Elie,Baudin,Elie.Baudin@burtonmail.com,9090-06-05,522
669,Rochette,Bultman,Rochette.Bultman@burtonmail.com,3535-02-16,36
670,Jsandye,Libna,Jsandye.Libna@burtonmail.com,1919-04-30,120
671,Chickie,Jammal,Chickie.Jammal@burtonmail.com,6767-03-17,908
672,Lynnea,Tamsky,Lynnea.Tamsky@burtonmail.com,4747-05-10,626
673,Korrie,Atcliffe,Korrie.Atcliffe@burtonmail.com,8585-05-05,682
674,Mellicent,Corrine,Mellicent.Corrine@burtonmail.com,3030-04-06,134
675,Nyssa,Kamaria,Nyssa.Kamaria@burtonmail.com,8989-05-02,252
676,Briney,Valoniah,Briney.Valoniah@burtonmail.com,0505-01-20,696
677,Louella,Berriman,Louella.Berriman@burtonmail.com,1313-05-11,421
678,Britte,Karna,Britte.Karna@burtonmail.com,0000-10-14,567
679,Wilma,Kirbee,Wilma.Kirbee@burtonmail.com,0505-03-14,407
680,Lanna,Wiener,Lanna.Wiener@burtonmail.com,1717-03-02,463
681,Maridel,Laverne,Maridel.Laverne@burtonmail.com,5050-09-05,449
682,Tonia,Goldina,Tonia.Goldina@burtonmail.com,3535-05-24,384
683,Roseline,Suzetta,Roseline.Suzetta@burtonmail.com,0707-09-22,607
684,Yvonne,Drus,Yvonne.Drus@burtonmail.com,0808-10-21,855
685,Laurene,Taam,Laurene.Taam@burtonmail.com,6161-10-25,125
686,Madelle,Ardra,Madelle.Ardra@burtonmail.com,4848-10-23,158
687,Lynde,Xerxes,Lynde.Xerxes@burtonmail.com,0404-06-25,74
688,Christy,Thilda,Christy.Thilda@burtonmail.com,7272-12-22,802
689,Lulita,Darrell,Lulita.Darrell@burtonmail.com,2222-03-28,200
690,Dulce,Pip,Dulce.Pip@burtonmail.com,7070-12-02,527
691,Angelique,Truc,Angelique.Truc@burtonmail.com,1212-12-31,717
692,Netty,Ade,Netty.Ade@burtonmail.com,3434-07-28,898
693,Agathe,Schlosser,Agathe.Schlosser@burtonmail.com,8080-04-22,280
694,Fanny,Maxi,Fanny.Maxi@burtonmail.com,0404-07-03,507
695,Drucie,Whiffen,Drucie.Whiffen@burtonmail.com,6161-11-03,185
696,Mathilda,Barbey,Mathilda.Barbey@burtonmail.com,8484-10-04,349
697,Christal,Pacorro,Christal.Pacorro@burtonmail.com,0000-03-09,635
698,Leeanne,Clara,Leeanne.Clara@burtonmail.com,7777-03-24,875
699,Talya,Chobot,Talya.Chobot@burtonmail.com,9494-06-15,730
700,Alie,Egbert,Alie.Egbert@burtonmail.com,2020-08-17,606
701,Phylis,Germann,Phylis.Germann@burtonmail.com,5454-08-11,421
702,Grier,Christine,Grier.Christine@burtonmail.com,9999-07-20,595
703,Aryn,Durante,Aryn.Durante@burtonmail.com,2222-09-15,704
704,Janey,Elvyn,Janey.Elvyn@burtonmail.com,6868-08-30,308
705,Ezmeralda,Wildermuth,Ezmeralda.Wildermuth@burtonmail.com,8383-04-25,694
706,Patricia,Rosalba,Patricia.Rosalba@burtonmail.com,9191-03-02,607
707,Justinn,Campball,Justinn.Campball@burtonmail.com,7171-06-15,350
708,Miquela,Faro,Miquela.Faro@burtonmail.com,0404-06-25,690
709,Gwenneth,Vittoria,Gwenneth.Vittoria@burtonmail.com,8080-02-19,507
710,Carlie,Schwejda,Carlie.Schwejda@burtonmail.com,3333-07-30,208
711,Karly,Flyn,Karly.Flyn@burtonmail.com,4242-04-23,728
712,Aili,Blake,Aili.Blake@burtonmail.com,0606-04-15,762
713,Gilligan,Stefa,Gilligan.Stefa@burtonmail.com,4242-02-01,260
714,Sharlene,Helfand,Sharlene.Helfand@burtonmail.com,4747-10-11,444
715,Merle,Zuzana,Merle.Zuzana@burtonmail.com,0303-10-06,888
716,Tina,Gusella,Tina.Gusella@burtonmail.com,8282-04-13,455
717,Gaylene,Neva,Gaylene.Neva@burtonmail.com,4646-05-19,407
718,Atlanta,Lindemann,Atlanta.Lindemann@burtonmail.com,3838-09-02,533
719,Karina,Etom,Karina.Etom@burtonmail.com,5757-04-05,630
720,Augustine,Ardeha,Augustine.Ardeha@burtonmail.com,7878-08-02,188
721,Catharine,Urania,Catharine.Urania@burtonmail.com,5858-05-17,61
722,Laurene,Codding,Laurene.Codding@burtonmail.com,9696-06-29,943
723,Felice,Grayce,Felice.Grayce@burtonmail.com,5656-03-04,508
724,Chastity,Danby,Chastity.Danby@burtonmail.com,9595-03-21,131
725,Marleah,Milson,Marleah.Milson@burtonmail.com,0303-05-02,697
726,Hollie,Eiser,Hollie.Eiser@burtonmail.com,4343-03-29,358
727,Kristina,Longfellow,Kristina.Longfellow@burtonmail.com,0707-12-03,113
728,Rayna,Persse,Rayna.Persse@burtonmail.com,3232-11-19,103
729,Gerianna,Brittani,Gerianna.Brittani@burtonmail.com,5252-04-24,373
730,Kary,Peg,Kary.Peg@burtonmail.com,0909-05-09,668
731,Mamie,Terencio,Mamie.Terencio@burtonmail.com,9292-10-30,594
732,Riannon,Suzetta,Riannon.Suzetta@burtonmail.com,2929-09-17,698
733,Anallese,Halsey,Anallese.Halsey@burtonmail.com,9191-05-22,612
734,Vinita,Latini,Vinita.Latini@burtonmail.com,1616-07-19,428
735,Susan,Roarke,Susan.Roarke@burtonmail.com,6464-05-24,765
736,Di,Ventre,Di.Ventre@burtonmail.com,1919-06-25,261
737,Kenna,Engdahl,Kenna.Engdahl@burtonmail.com,7979-07-04,769
738,Adore,Sammons,Adore.Sammons@burtonmail.com,6868-10-21,491
739,Sibella,Tacye,Sibella.Tacye@burtonmail.com,2323-05-23,221
740,Jerry,Ursulette,Jerry.Ursulette@burtonmail.com,1212-03-28,381
741,Celene,Camden,Celene.Camden@burtonmail.com,4040-06-23,298
742,Frank,Bethany,Frank.Bethany@burtonmail.com,3333-04-27,100
743,Johna,Hutchison,Johna.Hutchison@burtonmail.com,8080-07-10,391
744,Camile,Screens,Camile.Screens@burtonmail.com,9696-04-27,45
745,Lanae,Tice,Lanae.Tice@burtonmail.com,9191-12-12,428
746,Dolli,Gaulin,Dolli.Gaulin@burtonmail.com,3636-02-02,16
747,Evita,Presber,Evita.Presber@burtonmail.com,0606-05-31,930
748,Nadine,Morehouse,Nadine.Morehouse@burtonmail.com,7878-01-07,408
749,Bernardine,Guthrie,Bernardine.Guthrie@burtonmail.com,4949-12-05,286
750,Keelia,Genna,Keelia.Genna@burtonmail.com,8181-04-25,769
751,Ariela,Yam,Ariela.Yam@burtonmail.com,7373-04-05,698
752,Katuscha,Marijo,Katuscha.Marijo@burtonmail.com,1212-11-02,852
753,Gwyneth,Faust,Gwyneth.Faust@burtonmail.com,3737-11-08,423
754,Madalyn,Emmaline,Madalyn.Emmaline@burtonmail.com,0202-07-24,239
755,Kary,Giff,Kary.Giff@burtonmail.com,4040-03-15,806
756,Ardeen,Rheingold,Ardeen.Rheingold@burtonmail.com,0808-02-29,347
757,Jenda,Mullane,Jenda.Mullane@burtonmail.com,1111-03-05,701
758,Ingrid,Annabella,Ingrid.Annabella@burtonmail.com,4242-05-24,987
759,Jaclyn,Nahum,Jaclyn.Nahum@burtonmail.com,3737-10-02,325
760,Lanae,Konyn,Lanae.Konyn@burtonmail.com,3737-07-25,203
761,Letizia,Muriel,Letizia.Muriel@burtonmail.com,7777-03-10,805
762,Nariko,Mullane,Nariko.Mullane@burtonmail.com,5151-09-03,915
763,Kirstin,Wesle,Kirstin.Wesle@burtonmail.com,1818-10-04,351
764,Katleen,Ellerey,Katleen.Ellerey@burtonmail.com,5050-07-01,727
765,Hyacinthe,Virgin,Hyacinthe.Virgin@burtonmail.com,9292-07-02,336
766,Ericka,Podvin,Ericka.Podvin@burtonmail.com,6868-04-26,197
767,Elmira,Jena,Elmira.Jena@burtonmail.com,6363-06-26,20
768,Adelle,Halla,Adelle.Halla@burtonmail.com,4444-02-08,931
769,Jeanna,Shirberg,Jeanna.Shirberg@burtonmail.com,3232-02-19,533
770,Andree,Sandye,Andree.Sandye@burtonmail.com,3737-04-04,516
771,Latisha,Kimmie,Latisha.Kimmie@burtonmail.com,6464-08-25,385
772,Dennie,Sabella,Dennie.Sabella@burtonmail.com,3636-03-03,146
773,Tomasina,Shaver,Tomasina.Shaver@burtonmail.com,8787-11-03,421
774,Millie,August,Millie.August@burtonmail.com,1818-01-20,188
775,Cristabel,Mintz,Cristabel.Mintz@burtonmail.com,4141-07-19,898
776,Deirdre,Suk,Deirdre.Suk@burtonmail.com,4444-02-03,984
777,Larine,Harned,Larine.Harned@burtonmail.com,9898-11-15,450
778,Bill,Tiffa,Bill.Tiffa@burtonmail.com,0000-08-28,17
779,Johna,Obed,Johna.Obed@burtonmail.com,0707-12-30,267
780,Chickie,Palocz,Chickie.Palocz@burtonmail.com,5757-04-06,284
781,Belinda,Stacy,Belinda.Stacy@burtonmail.com,9191-02-06,121
782,Caressa,Hachmin,Caressa.Hachmin@burtonmail.com,8484-03-06,290
783,Cyndie,Payson,Cyndie.Payson@burtonmail.com,7171-05-25,11
784,Imojean,Old,Imojean.Old@burtonmail.com,0808-10-24,978
785,Inga,Lesley,Inga.Lesley@burtonmail.com,0404-11-02,828
786,Mariann,Evangelia,Mariann.Evangelia@burtonmail.com,5454-09-26,516
787,Mady,Bury,Mady.Bury@burtonmail.com,1010-12-27,723
788,Lily,Suk,Lily.Suk@burtonmail.com,0202-07-20,955
789,Norine,Kronfeld,Norine.Kronfeld@burtonmail.com,3434-01-07,653
790,Bobinette,Peg,Bobinette.Peg@burtonmail.com,0707-07-13,440
791,Sandie,Toor,Sandie.Toor@burtonmail.com,4343-02-07,296
792,Di,Lunsford,Di.Lunsford@burtonmail.com,3838-11-06,124
793,Dacia,Pillsbury,Dacia.Pillsbury@burtonmail.com,0909-06-03,936
794,Mady,Kirbee,Mady.Kirbee@burtonmail.com,8383-03-16,602
795,Joane,Haldas,Joane.Haldas@burtonmail.com,3939-02-05,766
796,Tamqrah,Sigfrid,Tamqrah.Sigfrid@burtonmail.com,0000-06-10,80
797,Deane,Winnick,Deane.Winnick@burtonmail.com,9393-11-05,613
798,Brana,Clara,Brana.Clara@burtonmail.com,9090-03-14,640
799,Cyb,Tamar,Cyb.Tamar@burtonmail.com,1111-03-06,554
800,Doralynne,Goerke,Doralynne.Goerke@burtonmail.com,6565-11-19,149
801,Lucille,Corilla,Lucille.Corilla@burtonmail.com,3030-07-07,349
802,Annice,Gavrila,Annice.Gavrila@burtonmail.com,7979-12-28,89
803,Blinni,Adalbert,Blinni.Adalbert@burtonmail.com,3131-01-09,780
804,Robinia,McClimans,Robinia.McClimans@burtonmail.com,4242-06-28,515
805,Bibby,Posner,Bibby.Posner@burtonmail.com,0909-03-13,959
806,Ardenia,Lutero,Ardenia.Lutero@burtonmail.com,8585-06-11,651
807,Riannon,Saunderson,Riannon.Saunderson@burtonmail.com,4848-01-22,628
808,Georgetta,Abbot,Georgetta.Abbot@burtonmail.com,5555-05-18,319
809,Maud,Camden,Maud.Camden@burtonmail.com,5959-04-02,344
810,Viki,Percy,Viki.Percy@burtonmail.com,5757-12-30,831
811,Ericka,Slifka,Ericka.Slifka@burtonmail.com,0606-06-05,185
812,Fayre,Wenda,Fayre.Wenda@burtonmail.com,1313-08-02,429
813,Elyssa,Grobe,Elyssa.Grobe@burtonmail.com,8989-06-28,116
814,Carolina,Ovid,Carolina.Ovid@burtonmail.com,0303-04-24,692
815,Constance,Fredi,Constance.Fredi@burtonmail.com,8888-02-17,154
816,Glynnis,Jerald,Glynnis.Jerald@burtonmail.com,0808-09-08,349
817,Dyann,Rudolph,Dyann.Rudolph@burtonmail.com,0101-10-24,647
818,Hildegaard,Gale,Hildegaard.Gale@burtonmail.com,9393-10-11,93
819,Joelly,Sabella,Joelly.Sabella@burtonmail.com,4343-08-04,311
820,Carlie,Esmaria,Carlie.Esmaria@burtonmail.com,3535-09-16,589
821,Jemie,Chauncey,Jemie.Chauncey@burtonmail.com,8989-08-10,89
822,Noelle,Lauraine,Noelle.Lauraine@burtonmail.com,4949-03-19,346
823,Krystle,Jalbert,Krystle.Jalbert@burtonmail.com,6767-11-13,272
824,Zsa Zsa,Barrus,Zsa Zsa.Barrus@burtonmail.com,1818-04-24,718
825,Ernesta,Morrill,Ernesta.Morrill@burtonmail.com,8181-11-02,857
826,Wilma,Anastatius,Wilma.Anastatius@burtonmail.com,1818-08-16,705
827,Lynde,Mitzi,Lynde.Mitzi@burtonmail.com,0202-09-09,805
828,Winny,Euridice,Winny.Euridice@burtonmail.com,8484-06-21,541
829,Althea,Pelagias,Althea.Pelagias@burtonmail.com,6565-02-25,705
830,Delilah,Hashim,Delilah.Hashim@burtonmail.com,1313-10-22,629
831,Elora,Haymes,Elora.Haymes@burtonmail.com,3434-11-03,762
832,Joceline,Tippets,Joceline.Tippets@burtonmail.com,5959-04-26,633
833,Cissiee,Natica,Cissiee.Natica@burtonmail.com,3434-11-17,968
834,Kara-Lynn,Muriel,Kara-Lynn.Muriel@burtonmail.com,1010-01-05,389
835,Christy,Iphlgenia,Christy.Iphlgenia@burtonmail.com,5555-11-24,118
836,Josephine,Cherianne,Josephine.Cherianne@burtonmail.com,3636-03-21,759
837,Bibby,Ethban,Bibby.Ethban@burtonmail.com,0000-03-10,698
838,Marleah,Stelle,Marleah.Stelle@burtonmail.com,2525-06-23,290
839,Willetta,Timon,Willetta.Timon@burtonmail.com,1111-05-04,242
840,Penelopa,Denis,Penelopa.Denis@burtonmail.com,6161-05-19,664
841,Berta,Sperling,Berta.Sperling@burtonmail.com,0202-05-10,564
842,Linet,Anastatius,Linet.Anastatius@burtonmail.com,0202-07-12,631
843,Cathyleen,Ferrell,Cathyleen.Ferrell@burtonmail.com,1212-04-13,359
844,Gabi,Kamaria,Gabi.Kamaria@burtonmail.com,0101-01-14,915
845,Goldie,Publia,Goldie.Publia@burtonmail.com,0808-01-22,342
846,Pollyanna,Swanhildas,Pollyanna.Swanhildas@burtonmail.com,3939-11-24,75
847,Darlleen,Mott,Darlleen.Mott@burtonmail.com,0909-05-06,775
848,Jenilee,Kelula,Jenilee.Kelula@burtonmail.com,5353-12-25,527
849,Robinia,Shaver,Robinia.Shaver@burtonmail.com,1818-09-02,110
850,Dyann,Wildermuth,Dyann.Wildermuth@burtonmail.com,2626-06-19,233
851,Veda,Gherardo,Veda.Gherardo@burtonmail.com,6464-05-08,663
852,Norine,Gamaliel,Norine.Gamaliel@burtonmail.com,3232-09-09,130
853,Keelia,Glenden,Keelia.Glenden@burtonmail.com,5858-05-12,944
854,Paola,Flyn,Paola.Flyn@burtonmail.com,0404-08-09,881
855,Alie,Cassius,Alie.Cassius@burtonmail.com,7373-02-19,843
856,Correy,Torray,Correy.Torray@burtonmail.com,6767-05-06,513
857,Nollie,Hurley,Nollie.Hurley@burtonmail.com,1414-12-18,57
858,Carolina,Ailyn,Carolina.Ailyn@burtonmail.com,6060-02-13,657
859,Jennica,Strephon,Jennica.Strephon@burtonmail.com,9595-04-15,963
860,Agnese,Fleeta,Agnese.Fleeta@burtonmail.com,0909-07-22,941
861,Corina,Carleen,Corina.Carleen@burtonmail.com,7070-02-23,74
862,Katleen,August,Katleen.August@burtonmail.com,9999-12-23,296
863,Sonni,Deegan,Sonni.Deegan@burtonmail.com,1313-08-12,91
864,Ida,Malanie,Ida.Malanie@burtonmail.com,8080-05-13,459
865,Myrtice,Hamil,Myrtice.Hamil@burtonmail.com,0404-04-16,705
866,Lynea,Publia,Lynea.Publia@burtonmail.com,7878-07-01,774
867,Sashenka,Soneson,Sashenka.Soneson@burtonmail.com,0909-02-04,756
868,Lorie,Iphlgenia,Lorie.Iphlgenia@burtonmail.com,0707-12-10,60
869,Danika,Rebecka,Danika.Rebecka@burtonmail.com,7979-10-10,988
870,Misha,Lacombe,Misha.Lacombe@burtonmail.com,4444-08-04,934
871,Babita,McLaughlin,Babita.McLaughlin@burtonmail.com,2121-01-19,332
872,Ursulina,Sherfield,Ursulina.Sherfield@burtonmail.com,1919-01-23,450
873,Merle,Velick,Merle.Velick@burtonmail.com,1414-08-23,978
874,Mariele,Japeth,Mariele.Japeth@burtonmail.com,0606-04-29,767
875,Paule,Faro,Paule.Faro@burtonmail.com,8787-01-08,284
876,Christian,Vary,Christian.Vary@burtonmail.com,0202-12-01,852
877,Donetta,Percy,Donetta.Percy@burtonmail.com,0000-03-16,816
878,Tierney,Thar,Tierney.Thar@burtonmail.com,2020-11-11,671
879,Averyl,Demitria,Averyl.Demitria@burtonmail.com,9595-04-26,494
880,Carmela,Kronfeld,Carmela.Kronfeld@burtonmail.com,5454-08-21,298
881,Shandie,Dielu,Shandie.Dielu@burtonmail.com,6969-08-26,115
882,Petronia,Stanwood,Petronia.Stanwood@burtonmail.com,2020-02-11,930
883,Elise,Rocray,Elise.Rocray@burtonmail.com,6969-12-16,510
884,Marnia,Andrel,Marnia.Andrel@burtonmail.com,0707-06-18,348
885,Riannon,Barrus,Riannon.Barrus@burtonmail.com,0404-04-16,645
886,Jere,Tjon,Jere.Tjon@burtonmail.com,5757-11-29,397
887,Debee,Delp,Debee.Delp@burtonmail.com,1515-10-06,566
888,Adriana,Dimitris,Adriana.Dimitris@burtonmail.com,4848-11-07,644
889,Larine,Fiester,Larine.Fiester@burtonmail.com,2020-05-17,851
890,Tarra,Schenck,Tarra.Schenck@burtonmail.com,0707-10-15,629
891,Marleah,Alrich,Marleah.Alrich@burtonmail.com,4747-03-24,568
892,Kathi,Toffic,Kathi.Toffic@burtonmail.com,7777-07-13,801
893,Annabela,LaRue,Annabela.LaRue@burtonmail.com,3939-07-30,146
894,Meg,Breed,Meg.Breed@burtonmail.com,6767-01-19,450
895,Jaclyn,Gilbertson,Jaclyn.Gilbertson@burtonmail.com,6565-05-27,234
896,Di,Brieta,Di.Brieta@burtonmail.com,4242-09-02,949
897,Coral,Uund,Coral.Uund@burtonmail.com,0303-09-25,87
898,Marylou,Timon,Marylou.Timon@burtonmail.com,8080-07-11,128
899,Ashlee,Flita,Ashlee.Flita@burtonmail.com,0505-01-31,701
900,Lanna,Hirsch,Lanna.Hirsch@burtonmail.com,4141-09-17,513
901,Ronna,Philipp,Ronna.Philipp@burtonmail.com,0101-02-12,970
902,Ardys,Martguerita,Ardys.Martguerita@burtonmail.com,6666-05-05,236
903,Gui,Constancy,Gui.Constancy@burtonmail.com,9292-03-01,843
904,Cristine,Weide,Cristine.Weide@burtonmail.com,6262-10-02,511
905,Karina,Oneida,Karina.Oneida@burtonmail.com,4848-05-15,954
906,Emmey,Tengdin,Emmey.Tengdin@burtonmail.com,6565-02-28,757
907,Sherrie,Goddard,Sherrie.Goddard@burtonmail.com,6363-05-22,976
908,Mildrid,Raul,Mildrid.Raul@burtonmail.com,7979-10-22,75
909,Lynnea,Pacorro,Lynnea.Pacorro@burtonmail.com,9393-04-12,271
910,Frieda,Lane,Frieda.Lane@burtonmail.com,8686-03-10,209
911,Renie,Thar,Renie.Thar@burtonmail.com,8181-01-06,90
912,Priscilla,Lacombe,Priscilla.Lacombe@burtonmail.com,3636-03-22,586
913,Florie,Himelman,Florie.Himelman@burtonmail.com,1313-12-20,944
914,Yetty,Leler,Yetty.Leler@burtonmail.com,7777-02-21,96
915,Aurore,Edmund,Aurore.Edmund@burtonmail.com,9999-06-05,602
916,Tonia,Goode,Tonia.Goode@burtonmail.com,0404-08-18,934
917,Minda,Gemini,Minda.Gemini@burtonmail.com,0606-10-03,269
918,Mignon,Vary,Mignon.Vary@burtonmail.com,7373-04-23,373
919,Brianna,Thunell,Brianna.Thunell@burtonmail.com,8585-07-17,74
920,Tarra,Hepsibah,Tarra.Hepsibah@burtonmail.com,2424-08-31,783
921,Vita,Devlen,Vita.Devlen@burtonmail.com,0707-06-24,290
922,Selma,Quent,Selma.Quent@burtonmail.com,4747-09-11,840
923,Charmaine,Darian,Charmaine.Darian@burtonmail.com,0606-12-11,650
924,Vivia,Bury,Vivia.Bury@burtonmail.com,5555-12-07,810
925,Nerta,Pattin,Nerta.Pattin@burtonmail.com,5656-11-01,991
926,Nicoli,Barney,Nicoli.Barney@burtonmail.com,3535-04-26,171
927,Cherilyn,Voletta,Cherilyn.Voletta@burtonmail.com,1414-05-10,780
928,Perry,Nicoline,Perry.Nicoline@burtonmail.com,5959-09-08,550
929,Lucy,Maisey,Lucy.Maisey@burtonmail.com,0404-05-03,117
930,Darlleen,Hylan,Darlleen.Hylan@burtonmail.com,9898-05-29,627
931,Joelly,Phyllis,Joelly.Phyllis@burtonmail.com,8080-06-11,471
932,Juliane,Amadas,Juliane.Amadas@burtonmail.com,3434-07-20,258
933,Raina,Nikaniki,Raina.Nikaniki@burtonmail.com,2020-07-29,782
934,Tersina,Linskey,Tersina.Linskey@burtonmail.com,3030-06-20,515
935,Natka,Warthman,Natka.Warthman@burtonmail.com,5757-04-18,377
936,Marcelline,Yoko,Marcelline.Yoko@burtonmail.com,4444-02-16,486
937,Ginnie,Shama,Ginnie.Shama@burtonmail.com,2424-09-28,710
938,Ana,Turne,Ana.Turne@burtonmail.com,1818-04-18,194
939,Betta,Mitzi,Betta.Mitzi@burtonmail.com,5858-04-18,473
940,Bill,Dichy,Bill.Dichy@burtonmail.com,4848-02-19,636
941,Sophia,Crudden,Sophia.Crudden@burtonmail.com,8080-10-01,977
942,Mamie,Lane,Mamie.Lane@burtonmail.com,0909-04-27,636
943,Concettina,Rudolph,Concettina.Rudolph@burtonmail.com,1717-05-10,879
944,Halette,Lory,Halette.Lory@burtonmail.com,8383-10-30,105
945,Hayley,Kiersten,Hayley.Kiersten@burtonmail.com,6767-05-28,21
946,Yolane,Yusuk,Yolane.Yusuk@burtonmail.com,0404-01-07,852
947,Janenna,Romelda,Janenna.Romelda@burtonmail.com,0505-02-25,141
948,Dede,Caitlin,Dede.Caitlin@burtonmail.com,6666-09-13,281
949,Chickie,Velick,Chickie.Velick@burtonmail.com,1010-12-06,632
950,Giustina,Velick,Giustina.Velick@burtonmail.com,6565-07-02,215
951,Rozele,Schalles,Rozele.Schalles@burtonmail.com,3737-01-06,566
952,Celene,Voletta,Celene.Voletta@burtonmail.com,4848-05-08,346
953,Cecile,Regan,Cecile.Regan@burtonmail.com,7979-07-13,838
954,Tera,Leonard,Tera.Leonard@burtonmail.com,2626-07-03,335
955,Kaia,Dudley,Kaia.Dudley@burtonmail.com,7171-05-18,21
956,Bertine,Dichy,Bertine.Dichy@burtonmail.com,4242-12-10,38
957,Romona,Mehalek,Romona.Mehalek@burtonmail.com,2929-01-11,428
958,Vevay,Brackely,Vevay.Brackely@burtonmail.com,4545-11-13,867
959,Roberta,Joeann,Roberta.Joeann@burtonmail.com,6868-12-09,638
960,Florencia,Rodmann,Florencia.Rodmann@burtonmail.com,0000-12-28,588
961,Harmonia,Hoenack,Harmonia.Hoenack@burtonmail.com,0707-05-28,929
962,Lexine,Gert,Lexine.Gert@burtonmail.com,0909-12-12,896
963,Briney,Ovid,Briney.Ovid@burtonmail.com,8989-08-26,339
964,Valera,Matthew,Valera.Matthew@burtonmail.com,5050-05-10,198
965,Neila,Lynn,Neila.Lynn@burtonmail.com,0808-10-04,467
966,Ronna,Chobot,Ronna.Chobot@burtonmail.com,1919-08-11,290
967,Collen,Friede,Collen.Friede@burtonmail.com,4343-09-07,728
968,Lauryn,Gualtiero,Lauryn.Gualtiero@burtonmail.com,5555-08-22,824
969,Gabriellia,Lauraine,Gabriellia.Lauraine@burtonmail.com,0707-08-08,40
970,Maye,Johnsson,Maye.Johnsson@burtonmail.com,2929-12-01,205
971,Elie,Lasley,Elie.Lasley@burtonmail.com,7979-07-25,940
972,Katleen,Vharat,Katleen.Vharat@burtonmail.com,0000-02-18,523
973,Donetta,Lucienne,Donetta.Lucienne@burtonmail.com,1616-07-29,616
974,Willetta,Boehike,Willetta.Boehike@burtonmail.com,1313-04-28,831
975,Millie,Hieronymus,Millie.Hieronymus@burtonmail.com,5353-06-22,821
976,Beth,Gunn,Beth.Gunn@burtonmail.com,0000-07-21,217
977,Corina,Remmer,Corina.Remmer@burtonmail.com,9292-10-10,491
978,Tarra,Gaulin,Tarra.Gaulin@burtonmail.com,3030-11-19,647
979,Claudina,Amand,Claudina.Amand@burtonmail.com,0909-10-03,530
980,Loree,Herrera,Loree.Herrera@burtonmail.com,4040-06-28,502
981,Johna,Creamer,Johna.Creamer@burtonmail.com,7373-11-10,473
982,Cassandra,Elsinore,Cassandra.Elsinore@burtonmail.com,1010-02-18,93
983,Tabbatha,Urias,Tabbatha.Urias@burtonmail.com,2121-01-10,764
984,Averyl,Jenness,Averyl.Jenness@burtonmail.com,9696-12-28,117
985,Lonnie,Nance,Lonnie.Nance@burtonmail.com,0606-02-14,948
986,Norine,Lemuela,Norine.Lemuela@burtonmail.com,0101-05-23,426
987,Frances,Etom,Frances.Etom@burtonmail.com,1414-06-11,659
988,Lita,Ephrem,Lita.Ephrem@burtonmail.com,6262-08-22,983
989,Betta,Monk,Betta.Monk@burtonmail.com,0404-04-11,150
990,Myriam,Justinn,Myriam.Justinn@burtonmail.com,8888-03-15,586
991,Lisette,Ochs,Lisette.Ochs@burtonmail.com,9494-04-02,265
992,Sandie,Candy,Sandie.Candy@burtonmail.com,6767-09-09,300
993,Pamella,Emmy,Pamella.Emmy@burtonmail.com,0101-10-25,853
994,Tilly,Joseph,Tilly.Joseph@burtonmail.com,7777-06-13,381
995,Basia,Nedrud,Basia.Nedrud@burtonmail.com,8080-07-29,587
996,Shell,Ramona,Shell.Ramona@burtonmail.com,8787-07-31,704
997,Ana,Sancho,Ana.Sancho@burtonmail.com,0909-09-18,35
998,Stevana,Adrienne,Stevana.Adrienne@burtonmail.com,4242-12-25,972
999,Madalyn,Rolf,Madalyn.Rolf@burtonmail.com,8181-07-06,19
1000,Amalie,Regan,Amalie.Regan@burtonmail.com,4646-04-22,638
1001,Lynnea,Allare,Lynnea.Allare@burtonmail.com,9494-04-04,972
1002,Devina,Hachmin,Devina.Hachmin@burtonmail.com,4949-12-06,339
1003,Aurelie,Erminia,Aurelie.Erminia@burtonmail.com,7474-10-15,577
1004,Sindee,Albertine,Sindee.Albertine@burtonmail.com,8686-11-11,261
1005,Angela,Reinke,Angela.Reinke@burtonmail.com,1111-06-29,639
1006,Josephine,Plato,Josephine.Plato@burtonmail.com,8080-12-28,265
1007,Donnie,Pozzy,Donnie.Pozzy@burtonmail.com,3333-03-05,704
1008,Valli,Adlare,Valli.Adlare@burtonmail.com,0707-07-19,494
1009,Pierette,Fancie,Pierette.Fancie@burtonmail.com,2626-01-12,194
1010,Rozele,Lanita,Rozele.Lanita@burtonmail.com,2828-10-27,951
1011,Cindelyn,Martsen,Cindelyn.Martsen@burtonmail.com,0909-04-11,605
1012,Lita,Smitt,Lita.Smitt@burtonmail.com,6464-05-21,510
1013,Ivett,Phyllis,Ivett.Phyllis@burtonmail.com,9797-12-09,999
1014,Romona,Aida,Romona.Aida@burtonmail.com,0404-08-08,146
1015,Zondra,Oneida,Zondra.Oneida@burtonmail.com,6161-02-05,836
1016,Harmonia,Louanna,Harmonia.Louanna@burtonmail.com,1919-09-15,120
1017,Leona,Longfellow,Leona.Longfellow@burtonmail.com,8080-09-17,915
1018,Georgetta,Adore,Georgetta.Adore@burtonmail.com,0707-12-12,398
1019,Starla,Jalbert,Starla.Jalbert@burtonmail.com,0000-07-17,230
1020,Alyda,Uird,Alyda.Uird@burtonmail.com,0909-11-01,758
1021,Lory,Fancie,Lory.Fancie@burtonmail.com,0404-10-03,571
1022,Viki,Irmine,Viki.Irmine@burtonmail.com,8787-03-12,42
1023,Ricky,Latini,Ricky.Latini@burtonmail.com,1717-01-09,917
1024,Dolli,Weaks,Dolli.Weaks@burtonmail.com,0202-12-14,619
1025,Dania,Dielu,Dania.Dielu@burtonmail.com,8686-06-29,106
1026,Nikki,Jacinda,Nikki.Jacinda@burtonmail.com,8181-03-09,313
1027,Marti,Emanuel,Marti.Emanuel@burtonmail.com,3232-09-24,723
1028,Modestia,Saunderson,Modestia.Saunderson@burtonmail.com,7474-02-06,229
1029,Stacey,LaRue,Stacey.LaRue@burtonmail.com,5858-06-20,419
1030,Evita,Cressida,Evita.Cressida@burtonmail.com,9898-10-12,755
1031,Danika,Ashok,Danika.Ashok@burtonmail.com,1313-03-11,695
1032,Rosabelle,Eno,Rosabelle.Eno@burtonmail.com,0404-06-28,592
1033,Dulcinea,Anderea,Dulcinea.Anderea@burtonmail.com,7777-07-09,692
1034,Maryellen,Desai,Maryellen.Desai@burtonmail.com,1313-12-10,358
1035,Elbertina,Tayib,Elbertina.Tayib@burtonmail.com,7373-02-28,382
1036,Coral,Bord,Coral.Bord@burtonmail.com,3535-08-17,101
1037,Ericka,Vorster,Ericka.Vorster@burtonmail.com,8080-07-28,504
1038,Jacenta,Woodberry,Jacenta.Woodberry@burtonmail.com,0303-03-30,959
1039,Lynnea,Nickola,Lynnea.Nickola@burtonmail.com,5858-12-30,359
1040,Frieda,Merell,Frieda.Merell@burtonmail.com,6161-06-02,884
1041,Wileen,Ledah,Wileen.Ledah@burtonmail.com,0404-11-26,710
1042,Barbara,Helve,Barbara.Helve@burtonmail.com,8484-12-21,308
1043,Jackie,Prober,Jackie.Prober@burtonmail.com,0000-07-10,677
1044,Patricia,Erminia,Patricia.Erminia@burtonmail.com,3232-10-17,19
1045,Lorne,Bow,Lorne.Bow@burtonmail.com,5050-01-04,984
1046,Verla,Jeanne,Verla.Jeanne@burtonmail.com,2323-06-12,985
1047,Angelique,Georgy,Angelique.Georgy@burtonmail.com,6868-03-27,257
1048,Sibella,Lesley,Sibella.Lesley@burtonmail.com,6363-10-29,980
1049,Corene,Frodi,Corene.Frodi@burtonmail.com,9191-06-08,676
1050,Evita,Payson,Evita.Payson@burtonmail.com,6464-07-13,973
1051,Vita,Weinreb,Vita.Weinreb@burtonmail.com,7272-11-14,856
1052,Susette,Lipson,Susette.Lipson@burtonmail.com,8686-04-04,36
1053,Pearline,Emerson,Pearline.Emerson@burtonmail.com,6868-01-10,259
1054,Jasmina,Fancie,Jasmina.Fancie@burtonmail.com,0303-05-01,459
1055,Merle,Sadowski,Merle.Sadowski@burtonmail.com,1212-08-31,998
1056,Jackie,Podvin,Jackie.Podvin@burtonmail.com,2727-10-12,654
1057,Micheline,Gaynor,Micheline.Gaynor@burtonmail.com,4646-12-30,721
1058,Harmonia,Jaylene,Harmonia.Jaylene@burtonmail.com,4545-10-05,568
1059,Kellen,Mauer,Kellen.Mauer@burtonmail.com,6060-06-21,780
1060,Sam,Wind,Sam.Wind@burtonmail.com,0000-12-07,307
1061,Karlee,Infield,Karlee.Infield@burtonmail.com,5050-11-28,499
1062,Annora,Maisey,Annora.Maisey@burtonmail.com,6060-07-18,346
1063,Brandise,Lory,Brandise.Lory@burtonmail.com,5858-06-26,215
1064,Karlee,Philipp,Karlee.Philipp@burtonmail.com,1313-08-12,511
1065,Jorry,Pierette,Jorry.Pierette@burtonmail.com,0303-10-02,605
1066,Liana,Lubin,Liana.Lubin@burtonmail.com,8888-08-15,55
1067,Kristan,Nore,Kristan.Nore@burtonmail.com,5454-08-27,53
1068,Ezmeralda,Smitt,Ezmeralda.Smitt@burtonmail.com,0101-09-01,52
1069,Thalia,Azeria,Thalia.Azeria@burtonmail.com,3434-06-09,256
1070,Magdalena,Oneida,Magdalena.Oneida@burtonmail.com,0606-06-12,564
1071,Pearline,Mathilde,Pearline.Mathilde@burtonmail.com,8585-02-22,918
1072,Jany,Abbot,Jany.Abbot@burtonmail.com,4747-11-13,994
1073,Grier,Stoller,Grier.Stoller@burtonmail.com,2424-06-26,134
1074,Correy,Ellord,Correy.Ellord@burtonmail.com,9898-04-11,955
1075,Anica,Freddi,Anica.Freddi@burtonmail.com,7272-07-22,693
1076,Aeriela,Evvie,Aeriela.Evvie@burtonmail.com,1919-07-05,28
1077,Elie,Gaal,Elie.Gaal@burtonmail.com,0202-07-23,558
1078,Valeda,Gombach,Valeda.Gombach@burtonmail.com,0404-02-18,68
1079,Starla,Denis,Starla.Denis@burtonmail.com,2626-03-25,512
1080,Vivia,Rodmann,Vivia.Rodmann@burtonmail.com,8989-12-28,293
1081,Daphne,Ardeha,Daphne.Ardeha@burtonmail.com,5151-06-10,320
1082,Nicoli,Louanna,Nicoli.Louanna@burtonmail.com,0505-07-26,10
1083,Leontine,Dituri,Leontine.Dituri@burtonmail.com,8686-11-01,909
1084,Magdalena,Faso,Magdalena.Faso@burtonmail.com,2929-06-25,923
1085,Tersina,Gwenore,Tersina.Gwenore@burtonmail.com,2929-10-20,840
1086,Starla,Sholley,Starla.Sholley@burtonmail.com,5858-02-05,50
1087,Kathy,Latini,Kathy.Latini@burtonmail.com,7171-03-28,598
1088,Benita,Pattin,Benita.Pattin@burtonmail.com,8080-01-23,513
1089,Darlleen,Odysseus,Darlleen.Odysseus@burtonmail.com,1818-01-15,148
1090,Tiffie,Ball,Tiffie.Ball@burtonmail.com,3232-08-19,945
1091,Kathi,Claudine,Kathi.Claudine@burtonmail.com,0101-05-20,7
1092,Sharlene,Buckler,Sharlene.Buckler@burtonmail.com,1313-03-23,961
1093,Hildegaard,Georas,Hildegaard.Georas@burtonmail.com,1010-07-02,108
1094,Valeda,Cavan,Valeda.Cavan@burtonmail.com,3030-02-28,508
1095,Meriel,Hertzfeld,Meriel.Hertzfeld@burtonmail.com,2929-03-28,159
1096,Sara-Ann,Roumell,Sara-Ann.Roumell@burtonmail.com,5050-11-01,640
1097,Riannon,Stover,Riannon.Stover@burtonmail.com,0303-09-23,859
1098,Rosaline,Flita,Rosaline.Flita@burtonmail.com,5151-02-22,481
1099,Arlena,Anderea,Arlena.Anderea@burtonmail.com,4242-03-13,478